Packet Sending Rate,Average Delay
0.34,16.64866181305371
0.45,26.31011061632864
0.56,28.6860981831957
0.88,37.82275683270095
