Packet Sending Rate,Average Delay
0.5,77.17181976238089
0.55,105.04031435756437
0.6,75.7439283530721
0.65,73.38526402013494
