Packet Sending Rate,Average Delay
0.3,76.04547384148165
0.35,86.45831213475634
0.4,61.44638522471574
0.45,70.32376777295839
