Packet Sending Rate,Average Delay
0.34,16.824390018038613
0.45,27.74986089000509
0.56,26.958989932307738
0.88,41.949051760943284
