Packet Sending Rate,Packet Loss Rate
0.5,25.683376160308367
0.67,36.0
0.87,33.14126157810773
0.99,28.0
