Packet Sending Rate,Packet Loss Rate
0.4,28.0
0.56,27.428571428571427
0.78,25.142857142857142
0.799,27.0
