Packet Sending Rate,Average Delay
0.4,65.63933537895004
0.45,100.36261201730561
0.5,64.79087712702055
0.55,75.2163512386182
