Packet Sending Rate,Average Delay
0.34,15.490475910519976
0.45,23.964724693096922
0.56,24.459641239290146
0.88,38.96095650277236
